{
  "Total" : {
    "transaction" : "Total",
    "sampleCount" : 2000,
    "errorCount" : 419,
    "errorPct" : 20.95,
    "meanResTime" : 37977.41600000004,
    "medianResTime" : 49112.0,
    "minResTime" : 1416.0,
    "maxResTime" : 62670.0,
    "pct1ResTime" : 56021.7,
    "pct2ResTime" : 57590.899999999994,
    "pct3ResTime" : 59890.79,
    "throughput" : 5.709750540998864,
    "receivedKBytesPerSec" : 8.412191084652761,
    "sentKBytesPerSec" : 0.5292671106949337
  },
  "myABFlex Load Test" : {
    "transaction" : "myABFlex Load Test",
    "sampleCount" : 2000,
    "errorCount" : 419,
    "errorPct" : 20.95,
    "meanResTime" : 37977.41600000004,
    "medianResTime" : 49112.0,
    "minResTime" : 1416.0,
    "maxResTime" : 62670.0,
    "pct1ResTime" : 56021.7,
    "pct2ResTime" : 57590.899999999994,
    "pct3ResTime" : 59890.79,
    "throughput" : 5.709750540998864,
    "receivedKBytesPerSec" : 8.412191084652761,
    "sentKBytesPerSec" : 0.5292671106949337
  }
}